Jestin Joy,jestinjose@gmail.com
Soumya George,soumyagsgc@gmail.com
Gemini George,geminigeorgesgc@gmail.com
Sini Alby,sinialby@gmail.com
Anu Thomas,anuthomas@gmail.com
Sibil ,sibilthemathslover@gmail.com
Anet Joseph,anetjsgc@gmail.com
Harikrishnan,harikrish@gmail.com
Tony Chacko,tonychacko@gmail.com
Roy Issac,royissac@gmail.com
